{
   "providers": [
      {
         "type": "bitmap",
         "file": "baba:sprites/text/you.png",
         "height": 12,
         "ascent": 8,
         "chars": [
            "0",
            "\u0000",
            "\u0000"
         ]
      },
      {
         "type": "bitmap",
         "file": "baba:sprites/text/you.png",
         "height": 12,
         "ascent": 8,
         "chars": [
            "\u0000",
            "1",
            "\u0000"
         ]
      },
      {
         "type": "bitmap",
         "file": "baba:sprites/text/you.png",
         "height": 12,
         "ascent": 8,
         "chars": [
            "\u0000",
            "\u0000",
            "2"
         ]
      }
   ]
}