{
   "providers": [
      {
         "type": "space",
         "advances": {
            " ": 14
         }
      },
      {
         "type": "bitmap",
         "file": "baba:editor/text/algae.png",
         "height": 16,
         "ascent": 12,
         "chars": [
            "!"
         ]
      },
      {
         "type": "bitmap",
         "file": "baba:editor/text/algae.png",
         "height": -16,
         "ascent": -32768,
         "chars": [
            "\""
         ]
      },
      {
         "type": "bitmap",
         "file": "baba:editor/algae.png",
         "height": 16,
         "ascent": 12,
         "chars": [
            "#"
         ]
      },
      {
         "type": "bitmap",
         "file": "baba:editor/algae.png",
         "height": -16,
         "ascent": -32768,
         "chars": [
            "$"
         ]
      },
      {
         "type": "bitmap",
         "file": "baba:editor/text/baba.png",
         "height": 16,
         "ascent": 12,
         "chars": [
            "%"
         ]
      },
      {
         "type": "bitmap",
         "file": "baba:editor/text/baba.png",
         "height": -16,
         "ascent": -32768,
         "chars": [
            "&"
         ]
      },
      {
         "type": "bitmap",
         "file": "baba:editor/baba/facing-right.png",
         "height": 16,
         "ascent": 12,
         "chars": [
            "'"
         ]
      },
      {
         "type": "bitmap",
         "file": "baba:editor/baba/facing-right.png",
         "height": -16,
         "ascent": -32768,
         "chars": [
            "("
         ]
      },
      {
         "type": "bitmap",
         "file": "baba:editor/baba/facing-up.png",
         "height": 16,
         "ascent": 12,
         "chars": [
            ")"
         ]
      },
      {
         "type": "bitmap",
         "file": "baba:editor/baba/facing-up.png",
         "height": -16,
         "ascent": -32768,
         "chars": [
            "*"
         ]
      },
      {
         "type": "bitmap",
         "file": "baba:editor/baba/facing-left.png",
         "height": 16,
         "ascent": 12,
         "chars": [
            "+"
         ]
      },
      {
         "type": "bitmap",
         "file": "baba:editor/baba/facing-left.png",
         "height": -16,
         "ascent": -32768,
         "chars": [
            ","
         ]
      },
      {
         "type": "bitmap",
         "file": "baba:editor/baba/facing-down.png",
         "height": 16,
         "ascent": 12,
         "chars": [
            "-"
         ]
      },
      {
         "type": "bitmap",
         "file": "baba:editor/baba/facing-down.png",
         "height": -16,
         "ascent": -32768,
         "chars": [
            "."
         ]
      },
      {
         "type": "bitmap",
         "file": "baba:editor/text/bat.png",
         "height": 16,
         "ascent": 12,
         "chars": [
            "/"
         ]
      },
      {
         "type": "bitmap",
         "file": "baba:editor/text/bat.png",
         "height": -16,
         "ascent": -32768,
         "chars": [
            "0"
         ]
      },
      {
         "type": "bitmap",
         "file": "baba:editor/bat.png",
         "height": 16,
         "ascent": 12,
         "chars": [
            "1"
         ]
      },
      {
         "type": "bitmap",
         "file": "baba:editor/bat.png",
         "height": -16,
         "ascent": -32768,
         "chars": [
            "2"
         ]
      },
      {
         "type": "bitmap",
         "file": "baba:editor/text/belt.png",
         "height": 16,
         "ascent": 12,
         "chars": [
            "3"
         ]
      },
      {
         "type": "bitmap",
         "file": "baba:editor/text/belt.png",
         "height": -16,
         "ascent": -32768,
         "chars": [
            "4"
         ]
      },
      {
         "type": "bitmap",
         "file": "baba:editor/belt/facing-right.png",
         "height": 16,
         "ascent": 12,
         "chars": [
            "5"
         ]
      },
      {
         "type": "bitmap",
         "file": "baba:editor/belt/facing-right.png",
         "height": -16,
         "ascent": -32768,
         "chars": [
            "6"
         ]
      },
      {
         "type": "bitmap",
         "file": "baba:editor/belt/facing-up.png",
         "height": 16,
         "ascent": 12,
         "chars": [
            "7"
         ]
      },
      {
         "type": "bitmap",
         "file": "baba:editor/belt/facing-up.png",
         "height": -16,
         "ascent": -32768,
         "chars": [
            "8"
         ]
      },
      {
         "type": "bitmap",
         "file": "baba:editor/belt/facing-left.png",
         "height": 16,
         "ascent": 12,
         "chars": [
            "9"
         ]
      },
      {
         "type": "bitmap",
         "file": "baba:editor/belt/facing-left.png",
         "height": -16,
         "ascent": -32768,
         "chars": [
            ":"
         ]
      },
      {
         "type": "bitmap",
         "file": "baba:editor/belt/facing-down.png",
         "height": 16,
         "ascent": 12,
         "chars": [
            ";"
         ]
      },
      {
         "type": "bitmap",
         "file": "baba:editor/belt/facing-down.png",
         "height": -16,
         "ascent": -32768,
         "chars": [
            "<"
         ]
      },
      {
         "type": "bitmap",
         "file": "baba:editor/text/bird.png",
         "height": 16,
         "ascent": 12,
         "chars": [
            "="
         ]
      },
      {
         "type": "bitmap",
         "file": "baba:editor/text/bird.png",
         "height": -16,
         "ascent": -32768,
         "chars": [
            ">"
         ]
      },
      {
         "type": "bitmap",
         "file": "baba:editor/bird/facing-right.png",
         "height": 16,
         "ascent": 12,
         "chars": [
            "?"
         ]
      },
      {
         "type": "bitmap",
         "file": "baba:editor/bird/facing-right.png",
         "height": -16,
         "ascent": -32768,
         "chars": [
            "@"
         ]
      },
      {
         "type": "bitmap",
         "file": "baba:editor/bird/facing-up.png",
         "height": 16,
         "ascent": 12,
         "chars": [
            "A"
         ]
      },
      {
         "type": "bitmap",
         "file": "baba:editor/bird/facing-up.png",
         "height": -16,
         "ascent": -32768,
         "chars": [
            "B"
         ]
      },
      {
         "type": "bitmap",
         "file": "baba:editor/bird/facing-left.png",
         "height": 16,
         "ascent": 12,
         "chars": [
            "C"
         ]
      },
      {
         "type": "bitmap",
         "file": "baba:editor/bird/facing-left.png",
         "height": -16,
         "ascent": -32768,
         "chars": [
            "D"
         ]
      },
      {
         "type": "bitmap",
         "file": "baba:editor/bird/facing-down.png",
         "height": 16,
         "ascent": 12,
         "chars": [
            "E"
         ]
      },
      {
         "type": "bitmap",
         "file": "baba:editor/bird/facing-down.png",
         "height": -16,
         "ascent": -32768,
         "chars": [
            "F"
         ]
      },
      {
         "type": "bitmap",
         "file": "baba:editor/blossom.png",
         "height": 16,
         "ascent": 12,
         "chars": [
            "G"
         ]
      },
      {
         "type": "bitmap",
         "file": "baba:editor/blossom.png",
         "height": -16,
         "ascent": -32768,
         "chars": [
            "H"
         ]
      },
      {
         "type": "bitmap",
         "file": "baba:editor/text/bog.png",
         "height": 16,
         "ascent": 12,
         "chars": [
            "I"
         ]
      },
      {
         "type": "bitmap",
         "file": "baba:editor/text/bog.png",
         "height": -16,
         "ascent": -32768,
         "chars": [
            "J"
         ]
      },
      {
         "type": "bitmap",
         "file": "baba:editor/bog.png",
         "height": 16,
         "ascent": 12,
         "chars": [
            "K"
         ]
      },
      {
         "type": "bitmap",
         "file": "baba:editor/bog.png",
         "height": -16,
         "ascent": -32768,
         "chars": [
            "L"
         ]
      },
      {
         "type": "bitmap",
         "file": "baba:editor/text/bolt.png",
         "height": 16,
         "ascent": 12,
         "chars": [
            "M"
         ]
      },
      {
         "type": "bitmap",
         "file": "baba:editor/text/bolt.png",
         "height": -16,
         "ascent": -32768,
         "chars": [
            "N"
         ]
      },
      {
         "type": "bitmap",
         "file": "baba:editor/bolt/facing-right.png",
         "height": 16,
         "ascent": 12,
         "chars": [
            "O"
         ]
      },
      {
         "type": "bitmap",
         "file": "baba:editor/bolt/facing-right.png",
         "height": -16,
         "ascent": -32768,
         "chars": [
            "P"
         ]
      },
      {
         "type": "bitmap",
         "file": "baba:editor/bolt/facing-up.png",
         "height": 16,
         "ascent": 12,
         "chars": [
            "Q"
         ]
      },
      {
         "type": "bitmap",
         "file": "baba:editor/bolt/facing-up.png",
         "height": -16,
         "ascent": -32768,
         "chars": [
            "R"
         ]
      },
      {
         "type": "bitmap",
         "file": "baba:editor/bolt/facing-left.png",
         "height": 16,
         "ascent": 12,
         "chars": [
            "S"
         ]
      },
      {
         "type": "bitmap",
         "file": "baba:editor/bolt/facing-left.png",
         "height": -16,
         "ascent": -32768,
         "chars": [
            "T"
         ]
      },
      {
         "type": "bitmap",
         "file": "baba:editor/bolt/facing-down.png",
         "height": 16,
         "ascent": 12,
         "chars": [
            "U"
         ]
      },
      {
         "type": "bitmap",
         "file": "baba:editor/bolt/facing-down.png",
         "height": -16,
         "ascent": -32768,
         "chars": [
            "V"
         ]
      },
      {
         "type": "bitmap",
         "file": "baba:editor/text/box.png",
         "height": 16,
         "ascent": 12,
         "chars": [
            "W"
         ]
      },
      {
         "type": "bitmap",
         "file": "baba:editor/text/box.png",
         "height": -16,
         "ascent": -32768,
         "chars": [
            "X"
         ]
      },
      {
         "type": "bitmap",
         "file": "baba:editor/box.png",
         "height": 16,
         "ascent": 12,
         "chars": [
            "Y"
         ]
      },
      {
         "type": "bitmap",
         "file": "baba:editor/box.png",
         "height": -16,
         "ascent": -32768,
         "chars": [
            "Z"
         ]
      },
      {
         "type": "bitmap",
         "file": "baba:editor/text/brick.png",
         "height": 16,
         "ascent": 12,
         "chars": [
            "["
         ]
      },
      {
         "type": "bitmap",
         "file": "baba:editor/text/brick.png",
         "height": -16,
         "ascent": -32768,
         "chars": [
            "\\"
         ]
      },
      {
         "type": "bitmap",
         "file": "baba:editor/brick.png",
         "height": 16,
         "ascent": 12,
         "chars": [
            "]"
         ]
      },
      {
         "type": "bitmap",
         "file": "baba:editor/brick.png",
         "height": -16,
         "ascent": -32768,
         "chars": [
            "^"
         ]
      },
      {
         "type": "bitmap",
         "file": "baba:editor/text/bubble.png",
         "height": 16,
         "ascent": 12,
         "chars": [
            "_"
         ]
      },
      {
         "type": "bitmap",
         "file": "baba:editor/text/bubble.png",
         "height": -16,
         "ascent": -32768,
         "chars": [
            "`"
         ]
      },
      {
         "type": "bitmap",
         "file": "baba:editor/bubble.png",
         "height": 16,
         "ascent": 12,
         "chars": [
            "a"
         ]
      },
      {
         "type": "bitmap",
         "file": "baba:editor/bubble.png",
         "height": -16,
         "ascent": -32768,
         "chars": [
            "b"
         ]
      },
      {
         "type": "bitmap",
         "file": "baba:editor/text/bug.png",
         "height": 16,
         "ascent": 12,
         "chars": [
            "c"
         ]
      },
      {
         "type": "bitmap",
         "file": "baba:editor/text/bug.png",
         "height": -16,
         "ascent": -32768,
         "chars": [
            "d"
         ]
      },
      {
         "type": "bitmap",
         "file": "baba:editor/bug/facing-right.png",
         "height": 16,
         "ascent": 12,
         "chars": [
            "e"
         ]
      },
      {
         "type": "bitmap",
         "file": "baba:editor/bug/facing-right.png",
         "height": -16,
         "ascent": -32768,
         "chars": [
            "f"
         ]
      },
      {
         "type": "bitmap",
         "file": "baba:editor/bug/facing-up.png",
         "height": 16,
         "ascent": 12,
         "chars": [
            "g"
         ]
      },
      {
         "type": "bitmap",
         "file": "baba:editor/bug/facing-up.png",
         "height": -16,
         "ascent": -32768,
         "chars": [
            "h"
         ]
      },
      {
         "type": "bitmap",
         "file": "baba:editor/bug/facing-left.png",
         "height": 16,
         "ascent": 12,
         "chars": [
            "i"
         ]
      },
      {
         "type": "bitmap",
         "file": "baba:editor/bug/facing-left.png",
         "height": -16,
         "ascent": -32768,
         "chars": [
            "j"
         ]
      },
      {
         "type": "bitmap",
         "file": "baba:editor/bug/facing-down.png",
         "height": 16,
         "ascent": 12,
         "chars": [
            "k"
         ]
      },
      {
         "type": "bitmap",
         "file": "baba:editor/bug/facing-down.png",
         "height": -16,
         "ascent": -32768,
         "chars": [
            "l"
         ]
      },
      {
         "type": "bitmap",
         "file": "baba:editor/text/cake.png",
         "height": 16,
         "ascent": 12,
         "chars": [
            "m"
         ]
      },
      {
         "type": "bitmap",
         "file": "baba:editor/text/cake.png",
         "height": -16,
         "ascent": -32768,
         "chars": [
            "n"
         ]
      },
      {
         "type": "bitmap",
         "file": "baba:editor/cake.png",
         "height": 16,
         "ascent": 12,
         "chars": [
            "o"
         ]
      },
      {
         "type": "bitmap",
         "file": "baba:editor/cake.png",
         "height": -16,
         "ascent": -32768,
         "chars": [
            "p"
         ]
      },
      {
         "type": "bitmap",
         "file": "baba:editor/text/cliff.png",
         "height": 16,
         "ascent": 12,
         "chars": [
            "q"
         ]
      },
      {
         "type": "bitmap",
         "file": "baba:editor/text/cliff.png",
         "height": -16,
         "ascent": -32768,
         "chars": [
            "r"
         ]
      },
      {
         "type": "bitmap",
         "file": "baba:editor/cliff.png",
         "height": 16,
         "ascent": 12,
         "chars": [
            "s"
         ]
      },
      {
         "type": "bitmap",
         "file": "baba:editor/cliff.png",
         "height": -16,
         "ascent": -32768,
         "chars": [
            "t"
         ]
      },
      {
         "type": "bitmap",
         "file": "baba:editor/text/cloud.png",
         "height": 16,
         "ascent": 12,
         "chars": [
            "u"
         ]
      },
      {
         "type": "bitmap",
         "file": "baba:editor/text/cloud.png",
         "height": -16,
         "ascent": -32768,
         "chars": [
            "v"
         ]
      },
      {
         "type": "bitmap",
         "file": "baba:editor/cloud.png",
         "height": 16,
         "ascent": 12,
         "chars": [
            "w"
         ]
      },
      {
         "type": "bitmap",
         "file": "baba:editor/cloud.png",
         "height": -16,
         "ascent": -32768,
         "chars": [
            "x"
         ]
      },
      {
         "type": "bitmap",
         "file": "baba:editor/text/cog.png",
         "height": 16,
         "ascent": 12,
         "chars": [
            "y"
         ]
      },
      {
         "type": "bitmap",
         "file": "baba:editor/text/cog.png",
         "height": -16,
         "ascent": -32768,
         "chars": [
            "z"
         ]
      },
      {
         "type": "bitmap",
         "file": "baba:editor/cog.png",
         "height": 16,
         "ascent": 12,
         "chars": [
            "{"
         ]
      },
      {
         "type": "bitmap",
         "file": "baba:editor/cog.png",
         "height": -16,
         "ascent": -32768,
         "chars": [
            "|"
         ]
      },
      {
         "type": "bitmap",
         "file": "baba:editor/text/crab.png",
         "height": 16,
         "ascent": 12,
         "chars": [
            "}"
         ]
      },
      {
         "type": "bitmap",
         "file": "baba:editor/text/crab.png",
         "height": -16,
         "ascent": -32768,
         "chars": [
            "~"
         ]
      },
      {
         "type": "bitmap",
         "file": "baba:editor/crab/facing-right.png",
         "height": 16,
         "ascent": 12,
         "chars": [
            "\u007f"
         ]
      },
      {
         "type": "bitmap",
         "file": "baba:editor/crab/facing-right.png",
         "height": -16,
         "ascent": -32768,
         "chars": [
            "\u0080"
         ]
      },
      {
         "type": "bitmap",
         "file": "baba:editor/crab/facing-up.png",
         "height": 16,
         "ascent": 12,
         "chars": [
            "\u0081"
         ]
      },
      {
         "type": "bitmap",
         "file": "baba:editor/crab/facing-up.png",
         "height": -16,
         "ascent": -32768,
         "chars": [
            "\u0082"
         ]
      },
      {
         "type": "bitmap",
         "file": "baba:editor/crab/facing-left.png",
         "height": 16,
         "ascent": 12,
         "chars": [
            "\u0083"
         ]
      },
      {
         "type": "bitmap",
         "file": "baba:editor/crab/facing-left.png",
         "height": -16,
         "ascent": -32768,
         "chars": [
            "\u0084"
         ]
      },
      {
         "type": "bitmap",
         "file": "baba:editor/crab/facing-down.png",
         "height": 16,
         "ascent": 12,
         "chars": [
            "\u0085"
         ]
      },
      {
         "type": "bitmap",
         "file": "baba:editor/crab/facing-down.png",
         "height": -16,
         "ascent": -32768,
         "chars": [
            "\u0086"
         ]
      },
      {
         "type": "bitmap",
         "file": "baba:editor/text/cursor.png",
         "height": 16,
         "ascent": 12,
         "chars": [
            "\u0087"
         ]
      },
      {
         "type": "bitmap",
         "file": "baba:editor/text/cursor.png",
         "height": -16,
         "ascent": -32768,
         "chars": [
            "\u0088"
         ]
      },
      {
         "type": "bitmap",
         "file": "baba:editor/cursor.png",
         "height": 16,
         "ascent": 12,
         "chars": [
            "\u0089"
         ]
      },
      {
         "type": "bitmap",
         "file": "baba:editor/cursor.png",
         "height": -16,
         "ascent": -32768,
         "chars": [
            "\u008a"
         ]
      },
      {
         "type": "bitmap",
         "file": "baba:editor/text/door.png",
         "height": 16,
         "ascent": 12,
         "chars": [
            "\u008b"
         ]
      },
      {
         "type": "bitmap",
         "file": "baba:editor/text/door.png",
         "height": -16,
         "ascent": -32768,
         "chars": [
            "\u008c"
         ]
      },
      {
         "type": "bitmap",
         "file": "baba:editor/door.png",
         "height": 16,
         "ascent": 12,
         "chars": [
            "\u008d"
         ]
      },
      {
         "type": "bitmap",
         "file": "baba:editor/door.png",
         "height": -16,
         "ascent": -32768,
         "chars": [
            "\u008e"
         ]
      },
      {
         "type": "bitmap",
         "file": "baba:editor/text/dot.png",
         "height": 16,
         "ascent": 12,
         "chars": [
            "\u008f"
         ]
      },
      {
         "type": "bitmap",
         "file": "baba:editor/text/dot.png",
         "height": -16,
         "ascent": -32768,
         "chars": [
            "\u0090"
         ]
      },
      {
         "type": "bitmap",
         "file": "baba:editor/dot.png",
         "height": 16,
         "ascent": 12,
         "chars": [
            "\u0091"
         ]
      },
      {
         "type": "bitmap",
         "file": "baba:editor/dot.png",
         "height": -16,
         "ascent": -32768,
         "chars": [
            "\u0092"
         ]
      },
      {
         "type": "bitmap",
         "file": "baba:editor/text/dust.png",
         "height": 16,
         "ascent": 12,
         "chars": [
            "\u0093"
         ]
      },
      {
         "type": "bitmap",
         "file": "baba:editor/text/dust.png",
         "height": -16,
         "ascent": -32768,
         "chars": [
            "\u0094"
         ]
      },
      {
         "type": "bitmap",
         "file": "baba:editor/dust.png",
         "height": 16,
         "ascent": 12,
         "chars": [
            "\u0095"
         ]
      },
      {
         "type": "bitmap",
         "file": "baba:editor/dust.png",
         "height": -16,
         "ascent": -32768,
         "chars": [
            "\u0096"
         ]
      },
      {
         "type": "bitmap",
         "file": "baba:editor/text/fence.png",
         "height": 16,
         "ascent": 12,
         "chars": [
            "\u0097"
         ]
      },
      {
         "type": "bitmap",
         "file": "baba:editor/text/fence.png",
         "height": -16,
         "ascent": -32768,
         "chars": [
            "\u0098"
         ]
      },
      {
         "type": "bitmap",
         "file": "baba:editor/fence.png",
         "height": 16,
         "ascent": 12,
         "chars": [
            "\u0099"
         ]
      },
      {
         "type": "bitmap",
         "file": "baba:editor/fence.png",
         "height": -16,
         "ascent": -32768,
         "chars": [
            "\u009a"
         ]
      },
      {
         "type": "bitmap",
         "file": "baba:editor/text/fire.png",
         "height": 16,
         "ascent": 12,
         "chars": [
            "\u009b"
         ]
      },
      {
         "type": "bitmap",
         "file": "baba:editor/text/fire.png",
         "height": -16,
         "ascent": -32768,
         "chars": [
            "\u009c"
         ]
      },
      {
         "type": "bitmap",
         "file": "baba:editor/fire.png",
         "height": 16,
         "ascent": 12,
         "chars": [
            "\u009d"
         ]
      },
      {
         "type": "bitmap",
         "file": "baba:editor/fire.png",
         "height": -16,
         "ascent": -32768,
         "chars": [
            "\u009e"
         ]
      },
      {
         "type": "bitmap",
         "file": "baba:editor/text/flag.png",
         "height": 16,
         "ascent": 12,
         "chars": [
            "\u009f"
         ]
      },
      {
         "type": "bitmap",
         "file": "baba:editor/text/flag.png",
         "height": -16,
         "ascent": -32768,
         "chars": [
            "\u00a0"
         ]
      },
      {
         "type": "bitmap",
         "file": "baba:editor/flag.png",
         "height": 16,
         "ascent": 12,
         "chars": [
            "\u00a1"
         ]
      },
      {
         "type": "bitmap",
         "file": "baba:editor/flag.png",
         "height": -16,
         "ascent": -32768,
         "chars": [
            "\u00a2"
         ]
      },
      {
         "type": "bitmap",
         "file": "baba:editor/text/flower.png",
         "height": 16,
         "ascent": 12,
         "chars": [
            "\u00a3"
         ]
      },
      {
         "type": "bitmap",
         "file": "baba:editor/text/flower.png",
         "height": -16,
         "ascent": -32768,
         "chars": [
            "\u00a4"
         ]
      },
      {
         "type": "bitmap",
         "file": "baba:editor/flower.png",
         "height": 16,
         "ascent": 12,
         "chars": [
            "\u00a5"
         ]
      },
      {
         "type": "bitmap",
         "file": "baba:editor/flower.png",
         "height": -16,
         "ascent": -32768,
         "chars": [
            "\u00a6"
         ]
      },
      {
         "type": "bitmap",
         "file": "baba:editor/text/foliage.png",
         "height": 16,
         "ascent": 12,
         "chars": [
            "\u00a8"
         ]
      },
      {
         "type": "bitmap",
         "file": "baba:editor/text/foliage.png",
         "height": -16,
         "ascent": -32768,
         "chars": [
            "\u00a9"
         ]
      },
      {
         "type": "bitmap",
         "file": "baba:editor/foliage.png",
         "height": 16,
         "ascent": 12,
         "chars": [
            "\u00aa"
         ]
      },
      {
         "type": "bitmap",
         "file": "baba:editor/foliage.png",
         "height": -16,
         "ascent": -32768,
         "chars": [
            "\u00ab"
         ]
      },
      {
         "type": "bitmap",
         "file": "baba:editor/text/fruit.png",
         "height": 16,
         "ascent": 12,
         "chars": [
            "\u00ac"
         ]
      },
      {
         "type": "bitmap",
         "file": "baba:editor/text/fruit.png",
         "height": -16,
         "ascent": -32768,
         "chars": [
            "\u00ad"
         ]
      },
      {
         "type": "bitmap",
         "file": "baba:editor/fruit.png",
         "height": 16,
         "ascent": 12,
         "chars": [
            "\u00ae"
         ]
      },
      {
         "type": "bitmap",
         "file": "baba:editor/fruit.png",
         "height": -16,
         "ascent": -32768,
         "chars": [
            "\u00af"
         ]
      },
      {
         "type": "bitmap",
         "file": "baba:editor/text/fungi.png",
         "height": 16,
         "ascent": 12,
         "chars": [
            "\u00b0"
         ]
      },
      {
         "type": "bitmap",
         "file": "baba:editor/text/fungi.png",
         "height": -16,
         "ascent": -32768,
         "chars": [
            "\u00b1"
         ]
      },
      {
         "type": "bitmap",
         "file": "baba:editor/fungi.png",
         "height": 16,
         "ascent": 12,
         "chars": [
            "\u00b2"
         ]
      },
      {
         "type": "bitmap",
         "file": "baba:editor/fungi.png",
         "height": -16,
         "ascent": -32768,
         "chars": [
            "\u00b3"
         ]
      },
      {
         "type": "bitmap",
         "file": "baba:editor/text/fungus.png",
         "height": 16,
         "ascent": 12,
         "chars": [
            "\u00b4"
         ]
      },
      {
         "type": "bitmap",
         "file": "baba:editor/text/fungus.png",
         "height": -16,
         "ascent": -32768,
         "chars": [
            "\u00b5"
         ]
      },
      {
         "type": "bitmap",
         "file": "baba:editor/fungus.png",
         "height": 16,
         "ascent": 12,
         "chars": [
            "\u00b6"
         ]
      },
      {
         "type": "bitmap",
         "file": "baba:editor/fungus.png",
         "height": -16,
         "ascent": -32768,
         "chars": [
            "\u00b7"
         ]
      },
      {
         "type": "bitmap",
         "file": "baba:editor/text/gate.png",
         "height": 16,
         "ascent": 12,
         "chars": [
            "\u00b8"
         ]
      },
      {
         "type": "bitmap",
         "file": "baba:editor/text/gate.png",
         "height": -16,
         "ascent": -32768,
         "chars": [
            "\u00b9"
         ]
      },
      {
         "type": "bitmap",
         "file": "baba:editor/gate.png",
         "height": 16,
         "ascent": 12,
         "chars": [
            "\u00ba"
         ]
      },
      {
         "type": "bitmap",
         "file": "baba:editor/gate.png",
         "height": -16,
         "ascent": -32768,
         "chars": [
            "\u00bb"
         ]
      },
      {
         "type": "bitmap",
         "file": "baba:editor/text/ghost.png",
         "height": 16,
         "ascent": 12,
         "chars": [
            "\u00bc"
         ]
      },
      {
         "type": "bitmap",
         "file": "baba:editor/text/ghost.png",
         "height": -16,
         "ascent": -32768,
         "chars": [
            "\u00bd"
         ]
      },
      {
         "type": "bitmap",
         "file": "baba:editor/ghost/facing-right.png",
         "height": 16,
         "ascent": 12,
         "chars": [
            "\u00be"
         ]
      },
      {
         "type": "bitmap",
         "file": "baba:editor/ghost/facing-right.png",
         "height": -16,
         "ascent": -32768,
         "chars": [
            "\u00bf"
         ]
      },
      {
         "type": "bitmap",
         "file": "baba:editor/ghost/facing-up.png",
         "height": 16,
         "ascent": 12,
         "chars": [
            "\u00c0"
         ]
      },
      {
         "type": "bitmap",
         "file": "baba:editor/ghost/facing-up.png",
         "height": -16,
         "ascent": -32768,
         "chars": [
            "\u00c1"
         ]
      },
      {
         "type": "bitmap",
         "file": "baba:editor/ghost/facing-left.png",
         "height": 16,
         "ascent": 12,
         "chars": [
            "\u00c2"
         ]
      },
      {
         "type": "bitmap",
         "file": "baba:editor/ghost/facing-left.png",
         "height": -16,
         "ascent": -32768,
         "chars": [
            "\u00c3"
         ]
      },
      {
         "type": "bitmap",
         "file": "baba:editor/ghost/facing-down.png",
         "height": 16,
         "ascent": 12,
         "chars": [
            "\u00c4"
         ]
      },
      {
         "type": "bitmap",
         "file": "baba:editor/ghost/facing-down.png",
         "height": -16,
         "ascent": -32768,
         "chars": [
            "\u00c5"
         ]
      },
      {
         "type": "bitmap",
         "file": "baba:editor/text/grass.png",
         "height": 16,
         "ascent": 12,
         "chars": [
            "\u00c6"
         ]
      },
      {
         "type": "bitmap",
         "file": "baba:editor/text/grass.png",
         "height": -16,
         "ascent": -32768,
         "chars": [
            "\u00c7"
         ]
      },
      {
         "type": "bitmap",
         "file": "baba:editor/grass.png",
         "height": 16,
         "ascent": 12,
         "chars": [
            "\u00c8"
         ]
      },
      {
         "type": "bitmap",
         "file": "baba:editor/grass.png",
         "height": -16,
         "ascent": -32768,
         "chars": [
            "\u00c9"
         ]
      },
      {
         "type": "bitmap",
         "file": "baba:editor/text/hand.png",
         "height": 16,
         "ascent": 12,
         "chars": [
            "\u00ca"
         ]
      },
      {
         "type": "bitmap",
         "file": "baba:editor/text/hand.png",
         "height": -16,
         "ascent": -32768,
         "chars": [
            "\u00cb"
         ]
      },
      {
         "type": "bitmap",
         "file": "baba:editor/hand/facing-right.png",
         "height": 16,
         "ascent": 12,
         "chars": [
            "\u00cc"
         ]
      },
      {
         "type": "bitmap",
         "file": "baba:editor/hand/facing-right.png",
         "height": -16,
         "ascent": -32768,
         "chars": [
            "\u00cd"
         ]
      },
      {
         "type": "bitmap",
         "file": "baba:editor/hand/facing-up.png",
         "height": 16,
         "ascent": 12,
         "chars": [
            "\u00ce"
         ]
      },
      {
         "type": "bitmap",
         "file": "baba:editor/hand/facing-up.png",
         "height": -16,
         "ascent": -32768,
         "chars": [
            "\u00cf"
         ]
      },
      {
         "type": "bitmap",
         "file": "baba:editor/hand/facing-left.png",
         "height": 16,
         "ascent": 12,
         "chars": [
            "\u00d0"
         ]
      },
      {
         "type": "bitmap",
         "file": "baba:editor/hand/facing-left.png",
         "height": -16,
         "ascent": -32768,
         "chars": [
            "\u00d1"
         ]
      },
      {
         "type": "bitmap",
         "file": "baba:editor/hand/facing-down.png",
         "height": 16,
         "ascent": 12,
         "chars": [
            "\u00d2"
         ]
      },
      {
         "type": "bitmap",
         "file": "baba:editor/hand/facing-down.png",
         "height": -16,
         "ascent": -32768,
         "chars": [
            "\u00d3"
         ]
      },
      {
         "type": "bitmap",
         "file": "baba:editor/text/hedge.png",
         "height": 16,
         "ascent": 12,
         "chars": [
            "\u00d4"
         ]
      },
      {
         "type": "bitmap",
         "file": "baba:editor/text/hedge.png",
         "height": -16,
         "ascent": -32768,
         "chars": [
            "\u00d5"
         ]
      },
      {
         "type": "bitmap",
         "file": "baba:editor/hedge.png",
         "height": 16,
         "ascent": 12,
         "chars": [
            "\u00d6"
         ]
      },
      {
         "type": "bitmap",
         "file": "baba:editor/hedge.png",
         "height": -16,
         "ascent": -32768,
         "chars": [
            "\u00d7"
         ]
      },
      {
         "type": "bitmap",
         "file": "baba:editor/text/husk.png",
         "height": 16,
         "ascent": 12,
         "chars": [
            "\u00d8"
         ]
      },
      {
         "type": "bitmap",
         "file": "baba:editor/text/husk.png",
         "height": -16,
         "ascent": -32768,
         "chars": [
            "\u00d9"
         ]
      },
      {
         "type": "bitmap",
         "file": "baba:editor/husk.png",
         "height": 16,
         "ascent": 12,
         "chars": [
            "\u00da"
         ]
      },
      {
         "type": "bitmap",
         "file": "baba:editor/husk.png",
         "height": -16,
         "ascent": -32768,
         "chars": [
            "\u00db"
         ]
      },
      {
         "type": "bitmap",
         "file": "baba:editor/text/husks.png",
         "height": 16,
         "ascent": 12,
         "chars": [
            "\u00dc"
         ]
      },
      {
         "type": "bitmap",
         "file": "baba:editor/text/husks.png",
         "height": -16,
         "ascent": -32768,
         "chars": [
            "\u00dd"
         ]
      },
      {
         "type": "bitmap",
         "file": "baba:editor/husks.png",
         "height": 16,
         "ascent": 12,
         "chars": [
            "\u00de"
         ]
      },
      {
         "type": "bitmap",
         "file": "baba:editor/husks.png",
         "height": -16,
         "ascent": -32768,
         "chars": [
            "\u00df"
         ]
      },
      {
         "type": "bitmap",
         "file": "baba:editor/text/ice.png",
         "height": 16,
         "ascent": 12,
         "chars": [
            "\u00e0"
         ]
      },
      {
         "type": "bitmap",
         "file": "baba:editor/text/ice.png",
         "height": -16,
         "ascent": -32768,
         "chars": [
            "\u00e1"
         ]
      },
      {
         "type": "bitmap",
         "file": "baba:editor/ice.png",
         "height": 16,
         "ascent": 12,
         "chars": [
            "\u00e2"
         ]
      },
      {
         "type": "bitmap",
         "file": "baba:editor/ice.png",
         "height": -16,
         "ascent": -32768,
         "chars": [
            "\u00e3"
         ]
      },
      {
         "type": "bitmap",
         "file": "baba:editor/text/jelly.png",
         "height": 16,
         "ascent": 12,
         "chars": [
            "\u00e4"
         ]
      },
      {
         "type": "bitmap",
         "file": "baba:editor/text/jelly.png",
         "height": -16,
         "ascent": -32768,
         "chars": [
            "\u00e5"
         ]
      },
      {
         "type": "bitmap",
         "file": "baba:editor/jelly.png",
         "height": 16,
         "ascent": 12,
         "chars": [
            "\u00e6"
         ]
      },
      {
         "type": "bitmap",
         "file": "baba:editor/jelly.png",
         "height": -16,
         "ascent": -32768,
         "chars": [
            "\u00e7"
         ]
      },
      {
         "type": "bitmap",
         "file": "baba:editor/text/keke.png",
         "height": 16,
         "ascent": 12,
         "chars": [
            "\u00e8"
         ]
      },
      {
         "type": "bitmap",
         "file": "baba:editor/text/keke.png",
         "height": -16,
         "ascent": -32768,
         "chars": [
            "\u00e9"
         ]
      },
      {
         "type": "bitmap",
         "file": "baba:editor/keke/facing-right.png",
         "height": 16,
         "ascent": 12,
         "chars": [
            "\u00ea"
         ]
      },
      {
         "type": "bitmap",
         "file": "baba:editor/keke/facing-right.png",
         "height": -16,
         "ascent": -32768,
         "chars": [
            "\u00eb"
         ]
      },
      {
         "type": "bitmap",
         "file": "baba:editor/keke/facing-up.png",
         "height": 16,
         "ascent": 12,
         "chars": [
            "\u00ec"
         ]
      },
      {
         "type": "bitmap",
         "file": "baba:editor/keke/facing-up.png",
         "height": -16,
         "ascent": -32768,
         "chars": [
            "\u00ed"
         ]
      },
      {
         "type": "bitmap",
         "file": "baba:editor/keke/facing-left.png",
         "height": 16,
         "ascent": 12,
         "chars": [
            "\u00ee"
         ]
      },
      {
         "type": "bitmap",
         "file": "baba:editor/keke/facing-left.png",
         "height": -16,
         "ascent": -32768,
         "chars": [
            "\u00ef"
         ]
      },
      {
         "type": "bitmap",
         "file": "baba:editor/keke/facing-down.png",
         "height": 16,
         "ascent": 12,
         "chars": [
            "\u00f0"
         ]
      },
      {
         "type": "bitmap",
         "file": "baba:editor/keke/facing-down.png",
         "height": -16,
         "ascent": -32768,
         "chars": [
            "\u00f1"
         ]
      },
      {
         "type": "bitmap",
         "file": "baba:editor/text/key.png",
         "height": 16,
         "ascent": 12,
         "chars": [
            "\u00f2"
         ]
      },
      {
         "type": "bitmap",
         "file": "baba:editor/text/key.png",
         "height": -16,
         "ascent": -32768,
         "chars": [
            "\u00f3"
         ]
      },
      {
         "type": "bitmap",
         "file": "baba:editor/key.png",
         "height": 16,
         "ascent": 12,
         "chars": [
            "\u00f4"
         ]
      },
      {
         "type": "bitmap",
         "file": "baba:editor/key.png",
         "height": -16,
         "ascent": -32768,
         "chars": [
            "\u00f5"
         ]
      },
      {
         "type": "bitmap",
         "file": "baba:editor/text/lava.png",
         "height": 16,
         "ascent": 12,
         "chars": [
            "\u00f6"
         ]
      },
      {
         "type": "bitmap",
         "file": "baba:editor/text/lava.png",
         "height": -16,
         "ascent": -32768,
         "chars": [
            "\u00f7"
         ]
      },
      {
         "type": "bitmap",
         "file": "baba:editor/lava.png",
         "height": 16,
         "ascent": 12,
         "chars": [
            "\u00f8"
         ]
      },
      {
         "type": "bitmap",
         "file": "baba:editor/lava.png",
         "height": -16,
         "ascent": -32768,
         "chars": [
            "\u00f9"
         ]
      },
      {
         "type": "bitmap",
         "file": "baba:editor/text/leaf.png",
         "height": 16,
         "ascent": 12,
         "chars": [
            "\u00fa"
         ]
      },
      {
         "type": "bitmap",
         "file": "baba:editor/text/leaf.png",
         "height": -16,
         "ascent": -32768,
         "chars": [
            "\u00fb"
         ]
      },
      {
         "type": "bitmap",
         "file": "baba:editor/leaf.png",
         "height": 16,
         "ascent": 12,
         "chars": [
            "\u00fc"
         ]
      },
      {
         "type": "bitmap",
         "file": "baba:editor/leaf.png",
         "height": -16,
         "ascent": -32768,
         "chars": [
            "\u00fd"
         ]
      },
      {
         "type": "bitmap",
         "file": "baba:editor/text/level.png",
         "height": 16,
         "ascent": 12,
         "chars": [
            "\u00fe"
         ]
      },
      {
         "type": "bitmap",
         "file": "baba:editor/text/level.png",
         "height": -16,
         "ascent": -32768,
         "chars": [
            "\u00ff"
         ]
      },
      {
         "type": "bitmap",
         "file": "baba:editor/level.png",
         "height": 16,
         "ascent": 12,
         "chars": [
            "\u0100"
         ]
      },
      {
         "type": "bitmap",
         "file": "baba:editor/level.png",
         "height": -16,
         "ascent": -32768,
         "chars": [
            "\u0101"
         ]
      },
      {
         "type": "bitmap",
         "file": "baba:editor/text/line.png",
         "height": 16,
         "ascent": 12,
         "chars": [
            "\u0102"
         ]
      },
      {
         "type": "bitmap",
         "file": "baba:editor/text/line.png",
         "height": -16,
         "ascent": -32768,
         "chars": [
            "\u0103"
         ]
      },
      {
         "type": "bitmap",
         "file": "baba:editor/line.png",
         "height": 16,
         "ascent": 12,
         "chars": [
            "\u0104"
         ]
      },
      {
         "type": "bitmap",
         "file": "baba:editor/line.png",
         "height": -16,
         "ascent": -32768,
         "chars": [
            "\u0105"
         ]
      },
      {
         "type": "bitmap",
         "file": "baba:editor/text/love.png",
         "height": 16,
         "ascent": 12,
         "chars": [
            "\u0106"
         ]
      },
      {
         "type": "bitmap",
         "file": "baba:editor/text/love.png",
         "height": -16,
         "ascent": -32768,
         "chars": [
            "\u0107"
         ]
      },
      {
         "type": "bitmap",
         "file": "baba:editor/love.png",
         "height": 16,
         "ascent": 12,
         "chars": [
            "\u0108"
         ]
      },
      {
         "type": "bitmap",
         "file": "baba:editor/love.png",
         "height": -16,
         "ascent": -32768,
         "chars": [
            "\u0109"
         ]
      },
      {
         "type": "bitmap",
         "file": "baba:editor/text/me.png",
         "height": 16,
         "ascent": 12,
         "chars": [
            "\u010a"
         ]
      },
      {
         "type": "bitmap",
         "file": "baba:editor/text/me.png",
         "height": -16,
         "ascent": -32768,
         "chars": [
            "\u010b"
         ]
      },
      {
         "type": "bitmap",
         "file": "baba:editor/me/facing-right.png",
         "height": 16,
         "ascent": 12,
         "chars": [
            "\u010c"
         ]
      },
      {
         "type": "bitmap",
         "file": "baba:editor/me/facing-right.png",
         "height": -16,
         "ascent": -32768,
         "chars": [
            "\u010d"
         ]
      },
      {
         "type": "bitmap",
         "file": "baba:editor/me/facing-up.png",
         "height": 16,
         "ascent": 12,
         "chars": [
            "\u010e"
         ]
      },
      {
         "type": "bitmap",
         "file": "baba:editor/me/facing-up.png",
         "height": -16,
         "ascent": -32768,
         "chars": [
            "\u010f"
         ]
      },
      {
         "type": "bitmap",
         "file": "baba:editor/me/facing-left.png",
         "height": 16,
         "ascent": 12,
         "chars": [
            "\u0110"
         ]
      },
      {
         "type": "bitmap",
         "file": "baba:editor/me/facing-left.png",
         "height": -16,
         "ascent": -32768,
         "chars": [
            "\u0111"
         ]
      },
      {
         "type": "bitmap",
         "file": "baba:editor/me/facing-down.png",
         "height": 16,
         "ascent": 12,
         "chars": [
            "\u0112"
         ]
      },
      {
         "type": "bitmap",
         "file": "baba:editor/me/facing-down.png",
         "height": -16,
         "ascent": -32768,
         "chars": [
            "\u0113"
         ]
      },
      {
         "type": "bitmap",
         "file": "baba:editor/text/moon.png",
         "height": 16,
         "ascent": 12,
         "chars": [
            "\u0114"
         ]
      },
      {
         "type": "bitmap",
         "file": "baba:editor/text/moon.png",
         "height": -16,
         "ascent": -32768,
         "chars": [
            "\u0115"
         ]
      },
      {
         "type": "bitmap",
         "file": "baba:editor/moon.png",
         "height": 16,
         "ascent": 12,
         "chars": [
            "\u0116"
         ]
      },
      {
         "type": "bitmap",
         "file": "baba:editor/moon.png",
         "height": -16,
         "ascent": -32768,
         "chars": [
            "\u0117"
         ]
      },
      {
         "type": "bitmap",
         "file": "baba:editor/text/orb.png",
         "height": 16,
         "ascent": 12,
         "chars": [
            "\u0118"
         ]
      },
      {
         "type": "bitmap",
         "file": "baba:editor/text/orb.png",
         "height": -16,
         "ascent": -32768,
         "chars": [
            "\u0119"
         ]
      },
      {
         "type": "bitmap",
         "file": "baba:editor/orb.png",
         "height": 16,
         "ascent": 12,
         "chars": [
            "\u011a"
         ]
      },
      {
         "type": "bitmap",
         "file": "baba:editor/orb.png",
         "height": -16,
         "ascent": -32768,
         "chars": [
            "\u011b"
         ]
      },
      {
         "type": "bitmap",
         "file": "baba:editor/text/pillar.png",
         "height": 16,
         "ascent": 12,
         "chars": [
            "\u011c"
         ]
      },
      {
         "type": "bitmap",
         "file": "baba:editor/text/pillar.png",
         "height": -16,
         "ascent": -32768,
         "chars": [
            "\u011d"
         ]
      },
      {
         "type": "bitmap",
         "file": "baba:editor/pillar.png",
         "height": 16,
         "ascent": 12,
         "chars": [
            "\u011e"
         ]
      },
      {
         "type": "bitmap",
         "file": "baba:editor/pillar.png",
         "height": -16,
         "ascent": -32768,
         "chars": [
            "\u011f"
         ]
      },
      {
         "type": "bitmap",
         "file": "baba:editor/text/pipe.png",
         "height": 16,
         "ascent": 12,
         "chars": [
            "\u0120"
         ]
      },
      {
         "type": "bitmap",
         "file": "baba:editor/text/pipe.png",
         "height": -16,
         "ascent": -32768,
         "chars": [
            "\u0121"
         ]
      },
      {
         "type": "bitmap",
         "file": "baba:editor/pipe.png",
         "height": 16,
         "ascent": 12,
         "chars": [
            "\u0122"
         ]
      },
      {
         "type": "bitmap",
         "file": "baba:editor/pipe.png",
         "height": -16,
         "ascent": -32768,
         "chars": [
            "\u0123"
         ]
      },
      {
         "type": "bitmap",
         "file": "baba:editor/text/reed.png",
         "height": 16,
         "ascent": 12,
         "chars": [
            "\u0124"
         ]
      },
      {
         "type": "bitmap",
         "file": "baba:editor/text/reed.png",
         "height": -16,
         "ascent": -32768,
         "chars": [
            "\u0125"
         ]
      },
      {
         "type": "bitmap",
         "file": "baba:editor/reed.png",
         "height": 16,
         "ascent": 12,
         "chars": [
            "\u0126"
         ]
      },
      {
         "type": "bitmap",
         "file": "baba:editor/reed.png",
         "height": -16,
         "ascent": -32768,
         "chars": [
            "\u0127"
         ]
      },
      {
         "type": "bitmap",
         "file": "baba:editor/text/robot.png",
         "height": 16,
         "ascent": 12,
         "chars": [
            "\u0128"
         ]
      },
      {
         "type": "bitmap",
         "file": "baba:editor/text/robot.png",
         "height": -16,
         "ascent": -32768,
         "chars": [
            "\u0129"
         ]
      },
      {
         "type": "bitmap",
         "file": "baba:editor/robot/facing-right.png",
         "height": 16,
         "ascent": 12,
         "chars": [
            "\u012a"
         ]
      },
      {
         "type": "bitmap",
         "file": "baba:editor/robot/facing-right.png",
         "height": -16,
         "ascent": -32768,
         "chars": [
            "\u012b"
         ]
      },
      {
         "type": "bitmap",
         "file": "baba:editor/robot/facing-up.png",
         "height": 16,
         "ascent": 12,
         "chars": [
            "\u012c"
         ]
      },
      {
         "type": "bitmap",
         "file": "baba:editor/robot/facing-up.png",
         "height": -16,
         "ascent": -32768,
         "chars": [
            "\u012d"
         ]
      },
      {
         "type": "bitmap",
         "file": "baba:editor/robot/facing-left.png",
         "height": 16,
         "ascent": 12,
         "chars": [
            "\u012e"
         ]
      },
      {
         "type": "bitmap",
         "file": "baba:editor/robot/facing-left.png",
         "height": -16,
         "ascent": -32768,
         "chars": [
            "\u012f"
         ]
      },
      {
         "type": "bitmap",
         "file": "baba:editor/robot/facing-down.png",
         "height": 16,
         "ascent": 12,
         "chars": [
            "\u0130"
         ]
      },
      {
         "type": "bitmap",
         "file": "baba:editor/robot/facing-down.png",
         "height": -16,
         "ascent": -32768,
         "chars": [
            "\u0131"
         ]
      },
      {
         "type": "bitmap",
         "file": "baba:editor/text/rock.png",
         "height": 16,
         "ascent": 12,
         "chars": [
            "\u0132"
         ]
      },
      {
         "type": "bitmap",
         "file": "baba:editor/text/rock.png",
         "height": -16,
         "ascent": -32768,
         "chars": [
            "\u0133"
         ]
      },
      {
         "type": "bitmap",
         "file": "baba:editor/rock.png",
         "height": 16,
         "ascent": 12,
         "chars": [
            "\u0134"
         ]
      },
      {
         "type": "bitmap",
         "file": "baba:editor/rock.png",
         "height": -16,
         "ascent": -32768,
         "chars": [
            "\u0135"
         ]
      },
      {
         "type": "bitmap",
         "file": "baba:editor/text/rocket.png",
         "height": 16,
         "ascent": 12,
         "chars": [
            "\u0136"
         ]
      },
      {
         "type": "bitmap",
         "file": "baba:editor/text/rocket.png",
         "height": -16,
         "ascent": -32768,
         "chars": [
            "\u0137"
         ]
      },
      {
         "type": "bitmap",
         "file": "baba:editor/rocket/facing-right.png",
         "height": 16,
         "ascent": 12,
         "chars": [
            "\u0138"
         ]
      },
      {
         "type": "bitmap",
         "file": "baba:editor/rocket/facing-right.png",
         "height": -16,
         "ascent": -32768,
         "chars": [
            "\u0139"
         ]
      },
      {
         "type": "bitmap",
         "file": "baba:editor/rocket/facing-up.png",
         "height": 16,
         "ascent": 12,
         "chars": [
            "\u013a"
         ]
      },
      {
         "type": "bitmap",
         "file": "baba:editor/rocket/facing-up.png",
         "height": -16,
         "ascent": -32768,
         "chars": [
            "\u013b"
         ]
      },
      {
         "type": "bitmap",
         "file": "baba:editor/rocket/facing-left.png",
         "height": 16,
         "ascent": 12,
         "chars": [
            "\u013c"
         ]
      },
      {
         "type": "bitmap",
         "file": "baba:editor/rocket/facing-left.png",
         "height": -16,
         "ascent": -32768,
         "chars": [
            "\u013d"
         ]
      },
      {
         "type": "bitmap",
         "file": "baba:editor/rocket/facing-down.png",
         "height": 16,
         "ascent": 12,
         "chars": [
            "\u013e"
         ]
      },
      {
         "type": "bitmap",
         "file": "baba:editor/rocket/facing-down.png",
         "height": -16,
         "ascent": -32768,
         "chars": [
            "\u013f"
         ]
      },
      {
         "type": "bitmap",
         "file": "baba:editor/text/rose.png",
         "height": 16,
         "ascent": 12,
         "chars": [
            "\u0140"
         ]
      },
      {
         "type": "bitmap",
         "file": "baba:editor/text/rose.png",
         "height": -16,
         "ascent": -32768,
         "chars": [
            "\u0141"
         ]
      },
      {
         "type": "bitmap",
         "file": "baba:editor/rose.png",
         "height": 16,
         "ascent": 12,
         "chars": [
            "\u0142"
         ]
      },
      {
         "type": "bitmap",
         "file": "baba:editor/rose.png",
         "height": -16,
         "ascent": -32768,
         "chars": [
            "\u0143"
         ]
      },
      {
         "type": "bitmap",
         "file": "baba:editor/text/rubble.png",
         "height": 16,
         "ascent": 12,
         "chars": [
            "\u0144"
         ]
      },
      {
         "type": "bitmap",
         "file": "baba:editor/text/rubble.png",
         "height": -16,
         "ascent": -32768,
         "chars": [
            "\u0145"
         ]
      },
      {
         "type": "bitmap",
         "file": "baba:editor/rubble.png",
         "height": 16,
         "ascent": 12,
         "chars": [
            "\u0146"
         ]
      },
      {
         "type": "bitmap",
         "file": "baba:editor/rubble.png",
         "height": -16,
         "ascent": -32768,
         "chars": [
            "\u0147"
         ]
      },
      {
         "type": "bitmap",
         "file": "baba:editor/text/sign.png",
         "height": 16,
         "ascent": 12,
         "chars": [
            "\u0148"
         ]
      },
      {
         "type": "bitmap",
         "file": "baba:editor/text/sign.png",
         "height": -16,
         "ascent": -32768,
         "chars": [
            "\u0149"
         ]
      },
      {
         "type": "bitmap",
         "file": "baba:editor/sign.png",
         "height": 16,
         "ascent": 12,
         "chars": [
            "\u014a"
         ]
      },
      {
         "type": "bitmap",
         "file": "baba:editor/sign.png",
         "height": -16,
         "ascent": -32768,
         "chars": [
            "\u014b"
         ]
      },
      {
         "type": "bitmap",
         "file": "baba:editor/text/skull.png",
         "height": 16,
         "ascent": 12,
         "chars": [
            "\u014c"
         ]
      },
      {
         "type": "bitmap",
         "file": "baba:editor/text/skull.png",
         "height": -16,
         "ascent": -32768,
         "chars": [
            "\u014d"
         ]
      },
      {
         "type": "bitmap",
         "file": "baba:editor/skull/facing-right.png",
         "height": 16,
         "ascent": 12,
         "chars": [
            "\u014e"
         ]
      },
      {
         "type": "bitmap",
         "file": "baba:editor/skull/facing-right.png",
         "height": -16,
         "ascent": -32768,
         "chars": [
            "\u014f"
         ]
      },
      {
         "type": "bitmap",
         "file": "baba:editor/skull/facing-up.png",
         "height": 16,
         "ascent": 12,
         "chars": [
            "\u0150"
         ]
      },
      {
         "type": "bitmap",
         "file": "baba:editor/skull/facing-up.png",
         "height": -16,
         "ascent": -32768,
         "chars": [
            "\u0151"
         ]
      },
      {
         "type": "bitmap",
         "file": "baba:editor/skull/facing-left.png",
         "height": 16,
         "ascent": 12,
         "chars": [
            "\u0152"
         ]
      },
      {
         "type": "bitmap",
         "file": "baba:editor/skull/facing-left.png",
         "height": -16,
         "ascent": -32768,
         "chars": [
            "\u0153"
         ]
      },
      {
         "type": "bitmap",
         "file": "baba:editor/skull/facing-down.png",
         "height": 16,
         "ascent": 12,
         "chars": [
            "\u0154"
         ]
      },
      {
         "type": "bitmap",
         "file": "baba:editor/skull/facing-down.png",
         "height": -16,
         "ascent": -32768,
         "chars": [
            "\u0155"
         ]
      },
      {
         "type": "bitmap",
         "file": "baba:editor/text/spike.png",
         "height": 16,
         "ascent": 12,
         "chars": [
            "\u0156"
         ]
      },
      {
         "type": "bitmap",
         "file": "baba:editor/text/spike.png",
         "height": -16,
         "ascent": -32768,
         "chars": [
            "\u0157"
         ]
      },
      {
         "type": "bitmap",
         "file": "baba:editor/spike.png",
         "height": 16,
         "ascent": 12,
         "chars": [
            "\u0158"
         ]
      },
      {
         "type": "bitmap",
         "file": "baba:editor/spike.png",
         "height": -16,
         "ascent": -32768,
         "chars": [
            "\u0159"
         ]
      },
      {
         "type": "bitmap",
         "file": "baba:editor/text/star.png",
         "height": 16,
         "ascent": 12,
         "chars": [
            "\u015a"
         ]
      },
      {
         "type": "bitmap",
         "file": "baba:editor/text/star.png",
         "height": -16,
         "ascent": -32768,
         "chars": [
            "\u015b"
         ]
      },
      {
         "type": "bitmap",
         "file": "baba:editor/star.png",
         "height": 16,
         "ascent": 12,
         "chars": [
            "\u015c"
         ]
      },
      {
         "type": "bitmap",
         "file": "baba:editor/star.png",
         "height": -16,
         "ascent": -32768,
         "chars": [
            "\u015d"
         ]
      },
      {
         "type": "bitmap",
         "file": "baba:editor/text/statue.png",
         "height": 16,
         "ascent": 12,
         "chars": [
            "\u015e"
         ]
      },
      {
         "type": "bitmap",
         "file": "baba:editor/text/statue.png",
         "height": -16,
         "ascent": -32768,
         "chars": [
            "\u015f"
         ]
      },
      {
         "type": "bitmap",
         "file": "baba:editor/statue/facing-right.png",
         "height": 16,
         "ascent": 12,
         "chars": [
            "\u0160"
         ]
      },
      {
         "type": "bitmap",
         "file": "baba:editor/statue/facing-right.png",
         "height": -16,
         "ascent": -32768,
         "chars": [
            "\u0161"
         ]
      },
      {
         "type": "bitmap",
         "file": "baba:editor/statue/facing-up.png",
         "height": 16,
         "ascent": 12,
         "chars": [
            "\u0162"
         ]
      },
      {
         "type": "bitmap",
         "file": "baba:editor/statue/facing-up.png",
         "height": -16,
         "ascent": -32768,
         "chars": [
            "\u0163"
         ]
      },
      {
         "type": "bitmap",
         "file": "baba:editor/statue/facing-left.png",
         "height": 16,
         "ascent": 12,
         "chars": [
            "\u0164"
         ]
      },
      {
         "type": "bitmap",
         "file": "baba:editor/statue/facing-left.png",
         "height": -16,
         "ascent": -32768,
         "chars": [
            "\u0165"
         ]
      },
      {
         "type": "bitmap",
         "file": "baba:editor/statue/facing-down.png",
         "height": 16,
         "ascent": 12,
         "chars": [
            "\u0166"
         ]
      },
      {
         "type": "bitmap",
         "file": "baba:editor/statue/facing-down.png",
         "height": -16,
         "ascent": -32768,
         "chars": [
            "\u0167"
         ]
      },
      {
         "type": "bitmap",
         "file": "baba:editor/text/stump.png",
         "height": 16,
         "ascent": 12,
         "chars": [
            "\u0168"
         ]
      },
      {
         "type": "bitmap",
         "file": "baba:editor/text/stump.png",
         "height": -16,
         "ascent": -32768,
         "chars": [
            "\u0169"
         ]
      },
      {
         "type": "bitmap",
         "file": "baba:editor/stump.png",
         "height": 16,
         "ascent": 12,
         "chars": [
            "\u016a"
         ]
      },
      {
         "type": "bitmap",
         "file": "baba:editor/stump.png",
         "height": -16,
         "ascent": -32768,
         "chars": [
            "\u016b"
         ]
      },
      {
         "type": "bitmap",
         "file": "baba:editor/text/sun.png",
         "height": 16,
         "ascent": 12,
         "chars": [
            "\u016c"
         ]
      },
      {
         "type": "bitmap",
         "file": "baba:editor/text/sun.png",
         "height": -16,
         "ascent": -32768,
         "chars": [
            "\u016d"
         ]
      },
      {
         "type": "bitmap",
         "file": "baba:editor/sun.png",
         "height": 16,
         "ascent": 12,
         "chars": [
            "\u016e"
         ]
      },
      {
         "type": "bitmap",
         "file": "baba:editor/sun.png",
         "height": -16,
         "ascent": -32768,
         "chars": [
            "\u016f"
         ]
      },
      {
         "type": "bitmap",
         "file": "baba:editor/text/tile.png",
         "height": 16,
         "ascent": 12,
         "chars": [
            "\u0170"
         ]
      },
      {
         "type": "bitmap",
         "file": "baba:editor/text/tile.png",
         "height": -16,
         "ascent": -32768,
         "chars": [
            "\u0171"
         ]
      },
      {
         "type": "bitmap",
         "file": "baba:editor/tile.png",
         "height": 16,
         "ascent": 12,
         "chars": [
            "\u0172"
         ]
      },
      {
         "type": "bitmap",
         "file": "baba:editor/tile.png",
         "height": -16,
         "ascent": -32768,
         "chars": [
            "\u0173"
         ]
      },
      {
         "type": "bitmap",
         "file": "baba:editor/text/tree.png",
         "height": 16,
         "ascent": 12,
         "chars": [
            "\u0174"
         ]
      },
      {
         "type": "bitmap",
         "file": "baba:editor/text/tree.png",
         "height": -16,
         "ascent": -32768,
         "chars": [
            "\u0175"
         ]
      },
      {
         "type": "bitmap",
         "file": "baba:editor/tree.png",
         "height": 16,
         "ascent": 12,
         "chars": [
            "\u0176"
         ]
      },
      {
         "type": "bitmap",
         "file": "baba:editor/tree.png",
         "height": -16,
         "ascent": -32768,
         "chars": [
            "\u0177"
         ]
      },
      {
         "type": "bitmap",
         "file": "baba:editor/text/trees.png",
         "height": 16,
         "ascent": 12,
         "chars": [
            "\u0178"
         ]
      },
      {
         "type": "bitmap",
         "file": "baba:editor/text/trees.png",
         "height": -16,
         "ascent": -32768,
         "chars": [
            "\u0179"
         ]
      },
      {
         "type": "bitmap",
         "file": "baba:editor/trees.png",
         "height": 16,
         "ascent": 12,
         "chars": [
            "\u017a"
         ]
      },
      {
         "type": "bitmap",
         "file": "baba:editor/trees.png",
         "height": -16,
         "ascent": -32768,
         "chars": [
            "\u017b"
         ]
      },
      {
         "type": "bitmap",
         "file": "baba:editor/text/ufo.png",
         "height": 16,
         "ascent": 12,
         "chars": [
            "\u017c"
         ]
      },
      {
         "type": "bitmap",
         "file": "baba:editor/text/ufo.png",
         "height": -16,
         "ascent": -32768,
         "chars": [
            "\u017d"
         ]
      },
      {
         "type": "bitmap",
         "file": "baba:editor/ufo.png",
         "height": 16,
         "ascent": 12,
         "chars": [
            "\u017e"
         ]
      },
      {
         "type": "bitmap",
         "file": "baba:editor/ufo.png",
         "height": -16,
         "ascent": -32768,
         "chars": [
            "\u017f"
         ]
      },
      {
         "type": "bitmap",
         "file": "baba:editor/text/wall.png",
         "height": 16,
         "ascent": 12,
         "chars": [
            "\u0180"
         ]
      },
      {
         "type": "bitmap",
         "file": "baba:editor/text/wall.png",
         "height": -16,
         "ascent": -32768,
         "chars": [
            "\u0181"
         ]
      },
      {
         "type": "bitmap",
         "file": "baba:editor/wall.png",
         "height": 16,
         "ascent": 12,
         "chars": [
            "\u0182"
         ]
      },
      {
         "type": "bitmap",
         "file": "baba:editor/wall.png",
         "height": -16,
         "ascent": -32768,
         "chars": [
            "\u0183"
         ]
      },
      {
         "type": "bitmap",
         "file": "baba:editor/text/water.png",
         "height": 16,
         "ascent": 12,
         "chars": [
            "\u0184"
         ]
      },
      {
         "type": "bitmap",
         "file": "baba:editor/text/water.png",
         "height": -16,
         "ascent": -32768,
         "chars": [
            "\u0185"
         ]
      },
      {
         "type": "bitmap",
         "file": "baba:editor/water.png",
         "height": 16,
         "ascent": 12,
         "chars": [
            "\u0186"
         ]
      },
      {
         "type": "bitmap",
         "file": "baba:editor/water.png",
         "height": -16,
         "ascent": -32768,
         "chars": [
            "\u0187"
         ]
      },
      {
         "type": "bitmap",
         "file": "baba:editor/text/best.png",
         "height": 16,
         "ascent": 12,
         "chars": [
            "\u0188"
         ]
      },
      {
         "type": "bitmap",
         "file": "baba:editor/text/best.png",
         "height": -16,
         "ascent": -32768,
         "chars": [
            "\u0189"
         ]
      },
      {
         "type": "bitmap",
         "file": "baba:editor/text/blue.png",
         "height": 16,
         "ascent": 12,
         "chars": [
            "\u018a"
         ]
      },
      {
         "type": "bitmap",
         "file": "baba:editor/text/blue.png",
         "height": -16,
         "ascent": -32768,
         "chars": [
            "\u018b"
         ]
      },
      {
         "type": "bitmap",
         "file": "baba:editor/text/bonus.png",
         "height": 16,
         "ascent": 12,
         "chars": [
            "\u018c"
         ]
      },
      {
         "type": "bitmap",
         "file": "baba:editor/text/bonus.png",
         "height": -16,
         "ascent": -32768,
         "chars": [
            "\u018d"
         ]
      },
      {
         "type": "bitmap",
         "file": "baba:editor/text/defeat.png",
         "height": 16,
         "ascent": 12,
         "chars": [
            "\u018e"
         ]
      },
      {
         "type": "bitmap",
         "file": "baba:editor/text/defeat.png",
         "height": -16,
         "ascent": -32768,
         "chars": [
            "\u018f"
         ]
      },
      {
         "type": "bitmap",
         "file": "baba:editor/text/done.png",
         "height": 16,
         "ascent": 12,
         "chars": [
            "\u0190"
         ]
      },
      {
         "type": "bitmap",
         "file": "baba:editor/text/done.png",
         "height": -16,
         "ascent": -32768,
         "chars": [
            "\u0191"
         ]
      },
      {
         "type": "bitmap",
         "file": "baba:editor/text/down.png",
         "height": 16,
         "ascent": 12,
         "chars": [
            "\u0192"
         ]
      },
      {
         "type": "bitmap",
         "file": "baba:editor/text/down.png",
         "height": -16,
         "ascent": -32768,
         "chars": [
            "\u0193"
         ]
      },
      {
         "type": "bitmap",
         "file": "baba:editor/text/end.png",
         "height": 16,
         "ascent": 12,
         "chars": [
            "\u0194"
         ]
      },
      {
         "type": "bitmap",
         "file": "baba:editor/text/end.png",
         "height": -16,
         "ascent": -32768,
         "chars": [
            "\u0195"
         ]
      },
      {
         "type": "bitmap",
         "file": "baba:editor/text/fall.png",
         "height": 16,
         "ascent": 12,
         "chars": [
            "\u0196"
         ]
      },
      {
         "type": "bitmap",
         "file": "baba:editor/text/fall.png",
         "height": -16,
         "ascent": -32768,
         "chars": [
            "\u0197"
         ]
      },
      {
         "type": "bitmap",
         "file": "baba:editor/text/float.png",
         "height": 16,
         "ascent": 12,
         "chars": [
            "\u0198"
         ]
      },
      {
         "type": "bitmap",
         "file": "baba:editor/text/float.png",
         "height": -16,
         "ascent": -32768,
         "chars": [
            "\u0199"
         ]
      },
      {
         "type": "bitmap",
         "file": "baba:editor/text/hide.png",
         "height": 16,
         "ascent": 12,
         "chars": [
            "\u019a"
         ]
      },
      {
         "type": "bitmap",
         "file": "baba:editor/text/hide.png",
         "height": -16,
         "ascent": -32768,
         "chars": [
            "\u019b"
         ]
      },
      {
         "type": "bitmap",
         "file": "baba:editor/text/hot.png",
         "height": 16,
         "ascent": 12,
         "chars": [
            "\u019c"
         ]
      },
      {
         "type": "bitmap",
         "file": "baba:editor/text/hot.png",
         "height": -16,
         "ascent": -32768,
         "chars": [
            "\u019d"
         ]
      },
      {
         "type": "bitmap",
         "file": "baba:editor/text/left.png",
         "height": 16,
         "ascent": 12,
         "chars": [
            "\u019e"
         ]
      },
      {
         "type": "bitmap",
         "file": "baba:editor/text/left.png",
         "height": -16,
         "ascent": -32768,
         "chars": [
            "\u019f"
         ]
      },
      {
         "type": "bitmap",
         "file": "baba:editor/text/melt.png",
         "height": 16,
         "ascent": 12,
         "chars": [
            "\u01a0"
         ]
      },
      {
         "type": "bitmap",
         "file": "baba:editor/text/melt.png",
         "height": -16,
         "ascent": -32768,
         "chars": [
            "\u01a1"
         ]
      },
      {
         "type": "bitmap",
         "file": "baba:editor/text/more.png",
         "height": 16,
         "ascent": 12,
         "chars": [
            "\u01a2"
         ]
      },
      {
         "type": "bitmap",
         "file": "baba:editor/text/more.png",
         "height": -16,
         "ascent": -32768,
         "chars": [
            "\u01a3"
         ]
      },
      {
         "type": "bitmap",
         "file": "baba:editor/text/move.png",
         "height": 16,
         "ascent": 12,
         "chars": [
            "\u01a4"
         ]
      },
      {
         "type": "bitmap",
         "file": "baba:editor/text/move.png",
         "height": -16,
         "ascent": -32768,
         "chars": [
            "\u01a5"
         ]
      },
      {
         "type": "bitmap",
         "file": "baba:editor/text/open.png",
         "height": 16,
         "ascent": 12,
         "chars": [
            "\u01a6"
         ]
      },
      {
         "type": "bitmap",
         "file": "baba:editor/text/open.png",
         "height": -16,
         "ascent": -32768,
         "chars": [
            "\u01a7"
         ]
      },
      {
         "type": "bitmap",
         "file": "baba:editor/text/pull.png",
         "height": 16,
         "ascent": 12,
         "chars": [
            "\u01a8"
         ]
      },
      {
         "type": "bitmap",
         "file": "baba:editor/text/pull.png",
         "height": -16,
         "ascent": -32768,
         "chars": [
            "\u01a9"
         ]
      },
      {
         "type": "bitmap",
         "file": "baba:editor/text/push.png",
         "height": 16,
         "ascent": 12,
         "chars": [
            "\u01aa"
         ]
      },
      {
         "type": "bitmap",
         "file": "baba:editor/text/push.png",
         "height": -16,
         "ascent": -32768,
         "chars": [
            "\u01ab"
         ]
      },
      {
         "type": "bitmap",
         "file": "baba:editor/text/red.png",
         "height": 16,
         "ascent": 12,
         "chars": [
            "\u01ac"
         ]
      },
      {
         "type": "bitmap",
         "file": "baba:editor/text/red.png",
         "height": -16,
         "ascent": -32768,
         "chars": [
            "\u01ad"
         ]
      },
      {
         "type": "bitmap",
         "file": "baba:editor/text/right.png",
         "height": 16,
         "ascent": 12,
         "chars": [
            "\u01ae"
         ]
      },
      {
         "type": "bitmap",
         "file": "baba:editor/text/right.png",
         "height": -16,
         "ascent": -32768,
         "chars": [
            "\u01af"
         ]
      },
      {
         "type": "bitmap",
         "file": "baba:editor/text/select.png",
         "height": 16,
         "ascent": 12,
         "chars": [
            "\u01b0"
         ]
      },
      {
         "type": "bitmap",
         "file": "baba:editor/text/select.png",
         "height": -16,
         "ascent": -32768,
         "chars": [
            "\u01b1"
         ]
      },
      {
         "type": "bitmap",
         "file": "baba:editor/text/shift.png",
         "height": 16,
         "ascent": 12,
         "chars": [
            "\u01b2"
         ]
      },
      {
         "type": "bitmap",
         "file": "baba:editor/text/shift.png",
         "height": -16,
         "ascent": -32768,
         "chars": [
            "\u01b3"
         ]
      },
      {
         "type": "bitmap",
         "file": "baba:editor/text/shut.png",
         "height": 16,
         "ascent": 12,
         "chars": [
            "\u01b4"
         ]
      },
      {
         "type": "bitmap",
         "file": "baba:editor/text/shut.png",
         "height": -16,
         "ascent": -32768,
         "chars": [
            "\u01b5"
         ]
      },
      {
         "type": "bitmap",
         "file": "baba:editor/text/sink.png",
         "height": 16,
         "ascent": 12,
         "chars": [
            "\u01b6"
         ]
      },
      {
         "type": "bitmap",
         "file": "baba:editor/text/sink.png",
         "height": -16,
         "ascent": -32768,
         "chars": [
            "\u01b7"
         ]
      },
      {
         "type": "bitmap",
         "file": "baba:editor/text/sleep.png",
         "height": 16,
         "ascent": 12,
         "chars": [
            "\u01b8"
         ]
      },
      {
         "type": "bitmap",
         "file": "baba:editor/text/sleep.png",
         "height": -16,
         "ascent": -32768,
         "chars": [
            "\u01b9"
         ]
      },
      {
         "type": "bitmap",
         "file": "baba:editor/text/stop.png",
         "height": 16,
         "ascent": 12,
         "chars": [
            "\u01ba"
         ]
      },
      {
         "type": "bitmap",
         "file": "baba:editor/text/stop.png",
         "height": -16,
         "ascent": -32768,
         "chars": [
            "\u01bb"
         ]
      },
      {
         "type": "bitmap",
         "file": "baba:editor/text/swap.png",
         "height": 16,
         "ascent": 12,
         "chars": [
            "\u01bc"
         ]
      },
      {
         "type": "bitmap",
         "file": "baba:editor/text/swap.png",
         "height": -16,
         "ascent": -32768,
         "chars": [
            "\u01bd"
         ]
      },
      {
         "type": "bitmap",
         "file": "baba:editor/text/tele.png",
         "height": 16,
         "ascent": 12,
         "chars": [
            "\u01be"
         ]
      },
      {
         "type": "bitmap",
         "file": "baba:editor/text/tele.png",
         "height": -16,
         "ascent": -32768,
         "chars": [
            "\u01bf"
         ]
      },
      {
         "type": "bitmap",
         "file": "baba:editor/text/up.png",
         "height": 16,
         "ascent": 12,
         "chars": [
            "\u01c0"
         ]
      },
      {
         "type": "bitmap",
         "file": "baba:editor/text/up.png",
         "height": -16,
         "ascent": -32768,
         "chars": [
            "\u01c1"
         ]
      },
      {
         "type": "bitmap",
         "file": "baba:editor/text/weak.png",
         "height": 16,
         "ascent": 12,
         "chars": [
            "\u01c2"
         ]
      },
      {
         "type": "bitmap",
         "file": "baba:editor/text/weak.png",
         "height": -16,
         "ascent": -32768,
         "chars": [
            "\u01c3"
         ]
      },
      {
         "type": "bitmap",
         "file": "baba:editor/text/win.png",
         "height": 16,
         "ascent": 12,
         "chars": [
            "\u01c4"
         ]
      },
      {
         "type": "bitmap",
         "file": "baba:editor/text/win.png",
         "height": -16,
         "ascent": -32768,
         "chars": [
            "\u01c5"
         ]
      },
      {
         "type": "bitmap",
         "file": "baba:editor/text/word.png",
         "height": 16,
         "ascent": 12,
         "chars": [
            "\u01c6"
         ]
      },
      {
         "type": "bitmap",
         "file": "baba:editor/text/word.png",
         "height": -16,
         "ascent": -32768,
         "chars": [
            "\u01c7"
         ]
      },
      {
         "type": "bitmap",
         "file": "baba:editor/text/you.png",
         "height": 16,
         "ascent": 12,
         "chars": [
            "\u01c8"
         ]
      },
      {
         "type": "bitmap",
         "file": "baba:editor/text/you.png",
         "height": -16,
         "ascent": -32768,
         "chars": [
            "\u01c9"
         ]
      },
      {
         "type": "bitmap",
         "file": "baba:editor/text/and.png",
         "height": 16,
         "ascent": 12,
         "chars": [
            "\u01ca"
         ]
      },
      {
         "type": "bitmap",
         "file": "baba:editor/text/and.png",
         "height": -16,
         "ascent": -32768,
         "chars": [
            "\u01cb"
         ]
      },
      {
         "type": "bitmap",
         "file": "baba:editor/text/facing.png",
         "height": 16,
         "ascent": 12,
         "chars": [
            "\u01cc"
         ]
      },
      {
         "type": "bitmap",
         "file": "baba:editor/text/facing.png",
         "height": -16,
         "ascent": -32768,
         "chars": [
            "\u01cd"
         ]
      },
      {
         "type": "bitmap",
         "file": "baba:editor/text/near.png",
         "height": 16,
         "ascent": 12,
         "chars": [
            "\u01ce"
         ]
      },
      {
         "type": "bitmap",
         "file": "baba:editor/text/near.png",
         "height": -16,
         "ascent": -32768,
         "chars": [
            "\u01cf"
         ]
      },
      {
         "type": "bitmap",
         "file": "baba:editor/text/on.png",
         "height": 16,
         "ascent": 12,
         "chars": [
            "\u01d0"
         ]
      },
      {
         "type": "bitmap",
         "file": "baba:editor/text/on.png",
         "height": -16,
         "ascent": -32768,
         "chars": [
            "\u01d1"
         ]
      },
      {
         "type": "bitmap",
         "file": "baba:editor/text/without.png",
         "height": 16,
         "ascent": 12,
         "chars": [
            "\u01d2"
         ]
      },
      {
         "type": "bitmap",
         "file": "baba:editor/text/without.png",
         "height": -16,
         "ascent": -32768,
         "chars": [
            "\u01d3"
         ]
      },
      {
         "type": "bitmap",
         "file": "baba:editor/text/not.png",
         "height": 16,
         "ascent": 12,
         "chars": [
            "\u01d4"
         ]
      },
      {
         "type": "bitmap",
         "file": "baba:editor/text/not.png",
         "height": -16,
         "ascent": -32768,
         "chars": [
            "\u01d5"
         ]
      },
      {
         "type": "bitmap",
         "file": "baba:editor/text/all.png",
         "height": 16,
         "ascent": 12,
         "chars": [
            "\u01d6"
         ]
      },
      {
         "type": "bitmap",
         "file": "baba:editor/text/all.png",
         "height": -16,
         "ascent": -32768,
         "chars": [
            "\u01d7"
         ]
      },
      {
         "type": "bitmap",
         "file": "baba:editor/text/empty.png",
         "height": 16,
         "ascent": 12,
         "chars": [
            "\u01d8"
         ]
      },
      {
         "type": "bitmap",
         "file": "baba:editor/text/empty.png",
         "height": -16,
         "ascent": -32768,
         "chars": [
            "\u01d9"
         ]
      },
      {
         "type": "bitmap",
         "file": "baba:editor/text/group.png",
         "height": 16,
         "ascent": 12,
         "chars": [
            "\u01da"
         ]
      },
      {
         "type": "bitmap",
         "file": "baba:editor/text/group.png",
         "height": -16,
         "ascent": -32768,
         "chars": [
            "\u01db"
         ]
      },
      {
         "type": "bitmap",
         "file": "baba:editor/text/text.png",
         "height": 16,
         "ascent": 12,
         "chars": [
            "\u01dc"
         ]
      },
      {
         "type": "bitmap",
         "file": "baba:editor/text/text.png",
         "height": -16,
         "ascent": -32768,
         "chars": [
            "\u01dd"
         ]
      },
      {
         "type": "bitmap",
         "file": "baba:editor/text/idle.png",
         "height": 16,
         "ascent": 12,
         "chars": [
            "\u01de"
         ]
      },
      {
         "type": "bitmap",
         "file": "baba:editor/text/idle.png",
         "height": -16,
         "ascent": -32768,
         "chars": [
            "\u01df"
         ]
      },
      {
         "type": "bitmap",
         "file": "baba:editor/text/lonely.png",
         "height": 16,
         "ascent": 12,
         "chars": [
            "\u01e0"
         ]
      },
      {
         "type": "bitmap",
         "file": "baba:editor/text/lonely.png",
         "height": -16,
         "ascent": -32768,
         "chars": [
            "\u01e1"
         ]
      },
      {
         "type": "bitmap",
         "file": "baba:editor/text/often.png",
         "height": 16,
         "ascent": 12,
         "chars": [
            "\u01e2"
         ]
      },
      {
         "type": "bitmap",
         "file": "baba:editor/text/often.png",
         "height": -16,
         "ascent": -32768,
         "chars": [
            "\u01e3"
         ]
      },
      {
         "type": "bitmap",
         "file": "baba:editor/text/seldom.png",
         "height": 16,
         "ascent": 12,
         "chars": [
            "\u01e4"
         ]
      },
      {
         "type": "bitmap",
         "file": "baba:editor/text/seldom.png",
         "height": -16,
         "ascent": -32768,
         "chars": [
            "\u01e5"
         ]
      },
      {
         "type": "bitmap",
         "file": "baba:editor/text/has.png",
         "height": 16,
         "ascent": 12,
         "chars": [
            "\u01e6"
         ]
      },
      {
         "type": "bitmap",
         "file": "baba:editor/text/has.png",
         "height": -16,
         "ascent": -32768,
         "chars": [
            "\u01e7"
         ]
      },
      {
         "type": "bitmap",
         "file": "baba:editor/text/is.png",
         "height": 16,
         "ascent": 12,
         "chars": [
            "\u01e8"
         ]
      },
      {
         "type": "bitmap",
         "file": "baba:editor/text/is.png",
         "height": -16,
         "ascent": -32768,
         "chars": [
            "\u01e9"
         ]
      },
      {
         "type": "bitmap",
         "file": "baba:editor/text/make.png",
         "height": 16,
         "ascent": 12,
         "chars": [
            "\u01ea"
         ]
      },
      {
         "type": "bitmap",
         "file": "baba:editor/text/make.png",
         "height": -16,
         "ascent": -32768,
         "chars": [
            "\u01eb"
         ]
      },
      {
         "type": "bitmap",
         "file": "baba:editor/text/write.png",
         "height": 16,
         "ascent": 12,
         "chars": [
            "\u01ec"
         ]
      },
      {
         "type": "bitmap",
         "file": "baba:editor/text/write.png",
         "height": -16,
         "ascent": -32768,
         "chars": [
            "\u01ed"
         ]
      },
      {
         "type": "bitmap",
         "file": "baba:editor/letter/a.png",
         "height": 16,
         "ascent": 12,
         "chars": [
            "\u01ee"
         ]
      },
      {
         "type": "bitmap",
         "file": "baba:editor/letter/a.png",
         "height": -16,
         "ascent": -32768,
         "chars": [
            "\u01ef"
         ]
      },
      {
         "type": "bitmap",
         "file": "baba:editor/letter/b.png",
         "height": 16,
         "ascent": 12,
         "chars": [
            "\u01f0"
         ]
      },
      {
         "type": "bitmap",
         "file": "baba:editor/letter/b.png",
         "height": -16,
         "ascent": -32768,
         "chars": [
            "\u01f1"
         ]
      },
      {
         "type": "bitmap",
         "file": "baba:editor/letter/c.png",
         "height": 16,
         "ascent": 12,
         "chars": [
            "\u01f2"
         ]
      },
      {
         "type": "bitmap",
         "file": "baba:editor/letter/c.png",
         "height": -16,
         "ascent": -32768,
         "chars": [
            "\u01f3"
         ]
      },
      {
         "type": "bitmap",
         "file": "baba:editor/letter/d.png",
         "height": 16,
         "ascent": 12,
         "chars": [
            "\u01f4"
         ]
      },
      {
         "type": "bitmap",
         "file": "baba:editor/letter/d.png",
         "height": -16,
         "ascent": -32768,
         "chars": [
            "\u01f5"
         ]
      },
      {
         "type": "bitmap",
         "file": "baba:editor/letter/e.png",
         "height": 16,
         "ascent": 12,
         "chars": [
            "\u01f6"
         ]
      },
      {
         "type": "bitmap",
         "file": "baba:editor/letter/e.png",
         "height": -16,
         "ascent": -32768,
         "chars": [
            "\u01f7"
         ]
      },
      {
         "type": "bitmap",
         "file": "baba:editor/letter/f.png",
         "height": 16,
         "ascent": 12,
         "chars": [
            "\u01f8"
         ]
      },
      {
         "type": "bitmap",
         "file": "baba:editor/letter/f.png",
         "height": -16,
         "ascent": -32768,
         "chars": [
            "\u01f9"
         ]
      },
      {
         "type": "bitmap",
         "file": "baba:editor/letter/g.png",
         "height": 16,
         "ascent": 12,
         "chars": [
            "\u01fa"
         ]
      },
      {
         "type": "bitmap",
         "file": "baba:editor/letter/g.png",
         "height": -16,
         "ascent": -32768,
         "chars": [
            "\u01fb"
         ]
      },
      {
         "type": "bitmap",
         "file": "baba:editor/letter/h.png",
         "height": 16,
         "ascent": 12,
         "chars": [
            "\u01fc"
         ]
      },
      {
         "type": "bitmap",
         "file": "baba:editor/letter/h.png",
         "height": -16,
         "ascent": -32768,
         "chars": [
            "\u01fd"
         ]
      },
      {
         "type": "bitmap",
         "file": "baba:editor/letter/i.png",
         "height": 16,
         "ascent": 12,
         "chars": [
            "\u01fe"
         ]
      },
      {
         "type": "bitmap",
         "file": "baba:editor/letter/i.png",
         "height": -16,
         "ascent": -32768,
         "chars": [
            "\u01ff"
         ]
      },
      {
         "type": "bitmap",
         "file": "baba:editor/letter/j.png",
         "height": 16,
         "ascent": 12,
         "chars": [
            "\u0200"
         ]
      },
      {
         "type": "bitmap",
         "file": "baba:editor/letter/j.png",
         "height": -16,
         "ascent": -32768,
         "chars": [
            "\u0201"
         ]
      },
      {
         "type": "bitmap",
         "file": "baba:editor/letter/k.png",
         "height": 16,
         "ascent": 12,
         "chars": [
            "\u0202"
         ]
      },
      {
         "type": "bitmap",
         "file": "baba:editor/letter/k.png",
         "height": -16,
         "ascent": -32768,
         "chars": [
            "\u0203"
         ]
      },
      {
         "type": "bitmap",
         "file": "baba:editor/letter/l.png",
         "height": 16,
         "ascent": 12,
         "chars": [
            "\u0204"
         ]
      },
      {
         "type": "bitmap",
         "file": "baba:editor/letter/l.png",
         "height": -16,
         "ascent": -32768,
         "chars": [
            "\u0205"
         ]
      },
      {
         "type": "bitmap",
         "file": "baba:editor/letter/m.png",
         "height": 16,
         "ascent": 12,
         "chars": [
            "\u0206"
         ]
      },
      {
         "type": "bitmap",
         "file": "baba:editor/letter/m.png",
         "height": -16,
         "ascent": -32768,
         "chars": [
            "\u0207"
         ]
      },
      {
         "type": "bitmap",
         "file": "baba:editor/letter/n.png",
         "height": 16,
         "ascent": 12,
         "chars": [
            "\u0208"
         ]
      },
      {
         "type": "bitmap",
         "file": "baba:editor/letter/n.png",
         "height": -16,
         "ascent": -32768,
         "chars": [
            "\u0209"
         ]
      },
      {
         "type": "bitmap",
         "file": "baba:editor/letter/o.png",
         "height": 16,
         "ascent": 12,
         "chars": [
            "\u020a"
         ]
      },
      {
         "type": "bitmap",
         "file": "baba:editor/letter/o.png",
         "height": -16,
         "ascent": -32768,
         "chars": [
            "\u020b"
         ]
      },
      {
         "type": "bitmap",
         "file": "baba:editor/letter/p.png",
         "height": 16,
         "ascent": 12,
         "chars": [
            "\u020c"
         ]
      },
      {
         "type": "bitmap",
         "file": "baba:editor/letter/p.png",
         "height": -16,
         "ascent": -32768,
         "chars": [
            "\u020d"
         ]
      },
      {
         "type": "bitmap",
         "file": "baba:editor/letter/q.png",
         "height": 16,
         "ascent": 12,
         "chars": [
            "\u020e"
         ]
      },
      {
         "type": "bitmap",
         "file": "baba:editor/letter/q.png",
         "height": -16,
         "ascent": -32768,
         "chars": [
            "\u020f"
         ]
      },
      {
         "type": "bitmap",
         "file": "baba:editor/letter/r.png",
         "height": 16,
         "ascent": 12,
         "chars": [
            "\u0210"
         ]
      },
      {
         "type": "bitmap",
         "file": "baba:editor/letter/r.png",
         "height": -16,
         "ascent": -32768,
         "chars": [
            "\u0211"
         ]
      },
      {
         "type": "bitmap",
         "file": "baba:editor/letter/s.png",
         "height": 16,
         "ascent": 12,
         "chars": [
            "\u0212"
         ]
      },
      {
         "type": "bitmap",
         "file": "baba:editor/letter/s.png",
         "height": -16,
         "ascent": -32768,
         "chars": [
            "\u0213"
         ]
      },
      {
         "type": "bitmap",
         "file": "baba:editor/letter/t.png",
         "height": 16,
         "ascent": 12,
         "chars": [
            "\u0214"
         ]
      },
      {
         "type": "bitmap",
         "file": "baba:editor/letter/t.png",
         "height": -16,
         "ascent": -32768,
         "chars": [
            "\u0215"
         ]
      },
      {
         "type": "bitmap",
         "file": "baba:editor/letter/u.png",
         "height": 16,
         "ascent": 12,
         "chars": [
            "\u0216"
         ]
      },
      {
         "type": "bitmap",
         "file": "baba:editor/letter/u.png",
         "height": -16,
         "ascent": -32768,
         "chars": [
            "\u0217"
         ]
      },
      {
         "type": "bitmap",
         "file": "baba:editor/letter/v.png",
         "height": 16,
         "ascent": 12,
         "chars": [
            "\u0218"
         ]
      },
      {
         "type": "bitmap",
         "file": "baba:editor/letter/v.png",
         "height": -16,
         "ascent": -32768,
         "chars": [
            "\u0219"
         ]
      },
      {
         "type": "bitmap",
         "file": "baba:editor/letter/w.png",
         "height": 16,
         "ascent": 12,
         "chars": [
            "\u021a"
         ]
      },
      {
         "type": "bitmap",
         "file": "baba:editor/letter/w.png",
         "height": -16,
         "ascent": -32768,
         "chars": [
            "\u021b"
         ]
      },
      {
         "type": "bitmap",
         "file": "baba:editor/letter/x.png",
         "height": 16,
         "ascent": 12,
         "chars": [
            "\u021c"
         ]
      },
      {
         "type": "bitmap",
         "file": "baba:editor/letter/x.png",
         "height": -16,
         "ascent": -32768,
         "chars": [
            "\u021d"
         ]
      },
      {
         "type": "bitmap",
         "file": "baba:editor/letter/y.png",
         "height": 16,
         "ascent": 12,
         "chars": [
            "\u021e"
         ]
      },
      {
         "type": "bitmap",
         "file": "baba:editor/letter/y.png",
         "height": -16,
         "ascent": -32768,
         "chars": [
            "\u021f"
         ]
      },
      {
         "type": "bitmap",
         "file": "baba:editor/letter/z.png",
         "height": 16,
         "ascent": 12,
         "chars": [
            "\u0220"
         ]
      },
      {
         "type": "bitmap",
         "file": "baba:editor/letter/z.png",
         "height": -16,
         "ascent": -32768,
         "chars": [
            "\u0221"
         ]
      },
      {
         "type": "bitmap",
         "file": "baba:editor/letter/ab.png",
         "height": 16,
         "ascent": 12,
         "chars": [
            "\u0222"
         ]
      },
      {
         "type": "bitmap",
         "file": "baba:editor/letter/ab.png",
         "height": -16,
         "ascent": -32768,
         "chars": [
            "\u0223"
         ]
      },
      {
         "type": "bitmap",
         "file": "baba:editor/letter/ba.png",
         "height": 16,
         "ascent": 12,
         "chars": [
            "\u0224"
         ]
      },
      {
         "type": "bitmap",
         "file": "baba:editor/letter/ba.png",
         "height": -16,
         "ascent": -32768,
         "chars": [
            "\u0225"
         ]
      }
   ]
}